--使用前将数据库名miniprogram替换为自己的数据库名称
SET FOREIGN_KEY_CHECKS = 0;

INSERT INTO `miniprogram`.`cd_action`(`id`, `menu_id`, `name`, `action_name`, `type`, `icon`, `pagesize`, `is_view`, `button_status`, `sql_query`, `block_name`, `remark`, `fields`, `note`, `lable_color`, `relate_table`, `relate_field`, `list_field`, `bs_icon`, `sortid`, `orderby`, `default_orderby`, `tree_config`, `jump`, `is_controller_create`, `is_service_create`, `is_view_create`, `cache_time`, `log_status`, `api_auth`, `sms_auth`, `request_type`, `captcha_auth`, `do_condition`) VALUES (2897, 827, '首页数据列表', 'index', 1, NULL, '20', 0, 0, '', '服务管理', '', '', NULL, 'primary', '', '', '', '', 1, NULL, 'wservice_sort', '', '', 1, 1, 1, NULL, NULL, NULL, NULL, NULL, NULL, '');

INSERT INTO `miniprogram`.`cd_action`(`id`, `menu_id`, `name`, `action_name`, `type`, `icon`, `pagesize`, `is_view`, `button_status`, `sql_query`, `block_name`, `remark`, `fields`, `note`, `lable_color`, `relate_table`, `relate_field`, `list_field`, `bs_icon`, `sortid`, `orderby`, `default_orderby`, `tree_config`, `jump`, `is_controller_create`, `is_service_create`, `is_view_create`, `cache_time`, `log_status`, `api_auth`, `sms_auth`, `request_type`, `captcha_auth`, `do_condition`) VALUES (2898, 827, '修改排序开关按钮操作', 'updateExt', 16, NULL, '20', 0, NULL, NULL, '修改排序、开关按钮操作 如果没有此类操作 可以删除该方法', NULL, NULL, NULL, NULL, NULL, NULL, NULL, NULL, 2, NULL, NULL, NULL, NULL, 1, NULL, NULL, NULL, NULL, NULL, NULL, NULL, NULL, NULL);

INSERT INTO `miniprogram`.`cd_action`(`id`, `menu_id`, `name`, `action_name`, `type`, `icon`, `pagesize`, `is_view`, `button_status`, `sql_query`, `block_name`, `remark`, `fields`, `note`, `lable_color`, `relate_table`, `relate_field`, `list_field`, `bs_icon`, `sortid`, `orderby`, `default_orderby`, `tree_config`, `jump`, `is_controller_create`, `is_service_create`, `is_view_create`, `cache_time`, `log_status`, `api_auth`, `sms_auth`, `request_type`, `captcha_auth`, `do_condition`) VALUES (2899, 827, '添加', 'add', 3, NULL, '20', 1, 0, '', '添加', '800px|500px', 'wservice_type,wservice_name,wservice_icon,wservice_appid,wservice_url,wservice_sort', NULL, 'primary', '', '', '', 'fa fa-plus', 2899, NULL, '', '', '', 0, 1, 1, NULL, NULL, NULL, NULL, NULL, NULL, '');

INSERT INTO `miniprogram`.`cd_action`(`id`, `menu_id`, `name`, `action_name`, `type`, `icon`, `pagesize`, `is_view`, `button_status`, `sql_query`, `block_name`, `remark`, `fields`, `note`, `lable_color`, `relate_table`, `relate_field`, `list_field`, `bs_icon`, `sortid`, `orderby`, `default_orderby`, `tree_config`, `jump`, `is_controller_create`, `is_service_create`, `is_view_create`, `cache_time`, `log_status`, `api_auth`, `sms_auth`, `request_type`, `captcha_auth`, `do_condition`) VALUES (2900, 827, '修改', 'update', 4, NULL, '20', 1, 1, '', '修改', '800px|500px', 'wservice_type,wservice_name,wservice_icon,wservice_appid,wservice_url,wservice_sort', NULL, 'success', '', '', '', 'fa fa-pencil', 2900, NULL, '', '', '', 0, 1, 1, NULL, NULL, NULL, NULL, NULL, NULL, '');

INSERT INTO `miniprogram`.`cd_action`(`id`, `menu_id`, `name`, `action_name`, `type`, `icon`, `pagesize`, `is_view`, `button_status`, `sql_query`, `block_name`, `remark`, `fields`, `note`, `lable_color`, `relate_table`, `relate_field`, `list_field`, `bs_icon`, `sortid`, `orderby`, `default_orderby`, `tree_config`, `jump`, `is_controller_create`, `is_service_create`, `is_view_create`, `cache_time`, `log_status`, `api_auth`, `sms_auth`, `request_type`, `captcha_auth`, `do_condition`) VALUES (2901, 827, '删除', 'delete', 5, NULL, '20', 1, 1, NULL, '删除', '', 'wservice_type,wservice_name,wservice_appid,wservice_url,wservice_icon', NULL, 'danger', NULL, NULL, NULL, 'fa fa-trash', 2901, NULL, NULL, NULL, NULL, 1, NULL, NULL, NULL, NULL, NULL, NULL, NULL, NULL, NULL);

INSERT INTO `miniprogram`.`cd_action`(`id`, `menu_id`, `name`, `action_name`, `type`, `icon`, `pagesize`, `is_view`, `button_status`, `sql_query`, `block_name`, `remark`, `fields`, `note`, `lable_color`, `relate_table`, `relate_field`, `list_field`, `bs_icon`, `sortid`, `orderby`, `default_orderby`, `tree_config`, `jump`, `is_controller_create`, `is_service_create`, `is_view_create`, `cache_time`, `log_status`, `api_auth`, `sms_auth`, `request_type`, `captcha_auth`, `do_condition`) VALUES (2902, 827, '查看数据', 'view', 15, NULL, '20', 1, 0, '', '查看数据', '800px|500px', 'wservice_type,wservice_name,wservice_icon,wservice_appid,wservice_url,wservice_sort', NULL, 'info', '', '', '', 'fa fa-plus', 2902, NULL, '', '', '', 1, 1, 1, NULL, NULL, NULL, NULL, NULL, NULL, '');

INSERT INTO `miniprogram`.`cd_action`(`id`, `menu_id`, `name`, `action_name`, `type`, `icon`, `pagesize`, `is_view`, `button_status`, `sql_query`, `block_name`, `remark`, `fields`, `note`, `lable_color`, `relate_table`, `relate_field`, `list_field`, `bs_icon`, `sortid`, `orderby`, `default_orderby`, `tree_config`, `jump`, `is_controller_create`, `is_service_create`, `is_view_create`, `cache_time`, `log_status`, `api_auth`, `sms_auth`, `request_type`, `captcha_auth`, `do_condition`) VALUES (2903, 828, '服务列表', 'index', 1, NULL, '20', 0, NULL, '', '服务管理', '', '', NULL, NULL, '', '', '', NULL, 1, NULL, 'wservice_sort', '', NULL, 0, 1, NULL, 0, 1, 0, 0, 'post', 0, NULL);

UPDATE `miniprogram`.`cd_action` SET `menu_id` = 803, `name` = '添加', `action_name` = 'add', `type` = 3, `icon` = NULL, `pagesize` = '20', `is_view` = 1, `button_status` = 0, `sql_query` = '', `block_name` = '添加', `remark` = '800px|100%', `fields` = 'user_id,lock_name,lock_sn,mobile_check,applyauth,applyauth_check,location_check,status,lock_type,location,create_time,adnum,successimg,successadimg,hitshowminiad,openbtn,qrshowminiad,openadurl', `note` = NULL, `lable_color` = 'primary', `relate_table` = '', `relate_field` = '', `list_field` = '', `bs_icon` = 'fa fa-plus', `sortid` = 2794, `orderby` = NULL, `default_orderby` = '', `tree_config` = '', `jump` = '', `is_controller_create` = 0, `is_service_create` = 1, `is_view_create` = 1, `cache_time` = NULL, `log_status` = NULL, `api_auth` = NULL, `sms_auth` = NULL, `request_type` = NULL, `captcha_auth` = NULL, `do_condition` = '' WHERE `id` = 2794;

UPDATE `miniprogram`.`cd_action` SET `menu_id` = 803, `name` = '修改', `action_name` = 'update', `type` = 4, `icon` = NULL, `pagesize` = '20', `is_view` = 1, `button_status` = 1, `sql_query` = '', `block_name` = '修改', `remark` = '800px|100%', `fields` = 'lock_name,mobile_check,applyauth,applyauth_check,location_check,status,lock_type,location,lock_qrcode,adnum,successimg,successadimg,hitshowminiad,openbtn,qrshowminiad,openadurl', `note` = NULL, `lable_color` = 'success', `relate_table` = '', `relate_field` = '', `list_field` = '', `bs_icon` = 'fa fa-pencil', `sortid` = 2795, `orderby` = NULL, `default_orderby` = '', `tree_config` = '', `jump` = '', `is_controller_create` = 0, `is_service_create` = 1, `is_view_create` = 1, `cache_time` = NULL, `log_status` = NULL, `api_auth` = NULL, `sms_auth` = NULL, `request_type` = NULL, `captcha_auth` = NULL, `do_condition` = '' WHERE `id` = 2795;

INSERT INTO `miniprogram`.`cd_field`(`id`, `menu_id`, `name`, `field`, `type`, `list_show`, `search_show`, `search_type`, `config`, `is_post`, `is_field`, `align`, `note`, `message`, `validate`, `rule`, `sortid`, `sql`, `tab_menu_name`, `default_value`, `datatype`, `length`, `indexdata`) VALUES (3552, 827, '编号', 'wservice_id', 1, 1, 0, NULL, NULL, 0, 1, 'center', NULL, NULL, NULL, NULL, 1, NULL, NULL, NULL, 'int', '11', NULL);

INSERT INTO `miniprogram`.`cd_field`(`id`, `menu_id`, `name`, `field`, `type`, `list_show`, `search_show`, `search_type`, `config`, `is_post`, `is_field`, `align`, `note`, `message`, `validate`, `rule`, `sortid`, `sql`, `tab_menu_name`, `default_value`, `datatype`, `length`, `indexdata`) VALUES (3553, 827, '类型', 'wservice_type', 3, 1, 1, 0, '内部小程序|1,外部小程序|2,网页|3', 1, 1, 'center', '', '', 'notEmpty', '', 3553, '', '', '1', 'smallint', '6', '');

INSERT INTO `miniprogram`.`cd_field`(`id`, `menu_id`, `name`, `field`, `type`, `list_show`, `search_show`, `search_type`, `config`, `is_post`, `is_field`, `align`, `note`, `message`, `validate`, `rule`, `sortid`, `sql`, `tab_menu_name`, `default_value`, `datatype`, `length`, `indexdata`) VALUES (3554, 827, '名称', 'wservice_name', 1, 1, 1, 1, '', 1, 1, 'center', '', '', '', '', 3554, '', '', '', 'varchar', '250', '');

INSERT INTO `miniprogram`.`cd_field`(`id`, `menu_id`, `name`, `field`, `type`, `list_show`, `search_show`, `search_type`, `config`, `is_post`, `is_field`, `align`, `note`, `message`, `validate`, `rule`, `sortid`, `sql`, `tab_menu_name`, `default_value`, `datatype`, `length`, `indexdata`) VALUES (3555, 827, 'appid', 'wservice_appid', 1, 1, 1, 1, '', 1, 1, 'center', '小程序或公众号appid,如:wx51f303bf1367a448', '', '', '', 3556, '', '', '', 'varchar', '250', '');

INSERT INTO `miniprogram`.`cd_field`(`id`, `menu_id`, `name`, `field`, `type`, `list_show`, `search_show`, `search_type`, `config`, `is_post`, `is_field`, `align`, `note`, `message`, `validate`, `rule`, `sortid`, `sql`, `tab_menu_name`, `default_value`, `datatype`, `length`, `indexdata`) VALUES (3556, 827, 'url', 'wservice_url', 1, 1, 1, 0, '', 1, 1, 'center', '小程序页面路径或公众号页面链接,如:pages/index/index', '', '', '', 3557, '', '', '', 'varchar', '250', '');

INSERT INTO `miniprogram`.`cd_field`(`id`, `menu_id`, `name`, `field`, `type`, `list_show`, `search_show`, `search_type`, `config`, `is_post`, `is_field`, `align`, `note`, `message`, `validate`, `rule`, `sortid`, `sql`, `tab_menu_name`, `default_value`, `datatype`, `length`, `indexdata`) VALUES (3557, 827, '图标', 'wservice_icon', 8, 1, 1, 0, '', 1, 1, 'center', '', '', '', '', 3555, '', '', '', 'varchar', '250', '');

INSERT INTO `miniprogram`.`cd_field`(`id`, `menu_id`, `name`, `field`, `type`, `list_show`, `search_show`, `search_type`, `config`, `is_post`, `is_field`, `align`, `note`, `message`, `validate`, `rule`, `sortid`, `sql`, `tab_menu_name`, `default_value`, `datatype`, `length`, `indexdata`) VALUES (3558, 828, '编号', 'wservice_id', 1, 1, 0, NULL, NULL, 0, 0, 'center', NULL, NULL, NULL, NULL, 1, NULL, NULL, NULL, 'int', '11', NULL);

INSERT INTO `miniprogram`.`cd_field`(`id`, `menu_id`, `name`, `field`, `type`, `list_show`, `search_show`, `search_type`, `config`, `is_post`, `is_field`, `align`, `note`, `message`, `validate`, `rule`, `sortid`, `sql`, `tab_menu_name`, `default_value`, `datatype`, `length`, `indexdata`) VALUES (3559, 828, '类型', 'wservice_type', 3, 1, 1, 0, '内部小程序|1,外部小程序|2,外部页面|3', 1, 0, 'center', '', '', 'notEmpty', '', 3553, '', '', '1', 'smallint', '6', '');

INSERT INTO `miniprogram`.`cd_field`(`id`, `menu_id`, `name`, `field`, `type`, `list_show`, `search_show`, `search_type`, `config`, `is_post`, `is_field`, `align`, `note`, `message`, `validate`, `rule`, `sortid`, `sql`, `tab_menu_name`, `default_value`, `datatype`, `length`, `indexdata`) VALUES (3560, 828, '名称', 'wservice_name', 1, 1, 1, 1, '', 1, 0, 'center', '', '', '', '', 3554, '', '', '', 'varchar', '250', '');

INSERT INTO `miniprogram`.`cd_field`(`id`, `menu_id`, `name`, `field`, `type`, `list_show`, `search_show`, `search_type`, `config`, `is_post`, `is_field`, `align`, `note`, `message`, `validate`, `rule`, `sortid`, `sql`, `tab_menu_name`, `default_value`, `datatype`, `length`, `indexdata`) VALUES (3561, 828, '图标', 'wservice_icon', 8, 1, 1, 0, '', 1, 0, 'center', '', '', '', '', 3555, '', '', '', 'varchar', '250', '');

INSERT INTO `miniprogram`.`cd_field`(`id`, `menu_id`, `name`, `field`, `type`, `list_show`, `search_show`, `search_type`, `config`, `is_post`, `is_field`, `align`, `note`, `message`, `validate`, `rule`, `sortid`, `sql`, `tab_menu_name`, `default_value`, `datatype`, `length`, `indexdata`) VALUES (3562, 828, 'appid', 'wservice_appid', 1, 1, 1, 1, '', 1, 0, 'center', '小程序或公众号appid,如:wx51f303bf1367a448', '', '', '', 3556, '', '', '', 'varchar', '250', '');

INSERT INTO `miniprogram`.`cd_field`(`id`, `menu_id`, `name`, `field`, `type`, `list_show`, `search_show`, `search_type`, `config`, `is_post`, `is_field`, `align`, `note`, `message`, `validate`, `rule`, `sortid`, `sql`, `tab_menu_name`, `default_value`, `datatype`, `length`, `indexdata`) VALUES (3563, 828, 'url', 'wservice_url', 1, 1, 1, 0, '', 1, 0, 'center', '小程序页面路径或公众号页面链接,如:pages/index/index', '', '', '', 3557, '', '', '', 'varchar', '250', '');

INSERT INTO `miniprogram`.`cd_field`(`id`, `menu_id`, `name`, `field`, `type`, `list_show`, `search_show`, `search_type`, `config`, `is_post`, `is_field`, `align`, `note`, `message`, `validate`, `rule`, `sortid`, `sql`, `tab_menu_name`, `default_value`, `datatype`, `length`, `indexdata`) VALUES (3564, 828, '排序', 'wservice_sort', 20, NULL, 0, 0, '', 1, 1, NULL, NULL, '', '', '', 3564, '', NULL, '', 'int', '11', '');

INSERT INTO `miniprogram`.`cd_field`(`id`, `menu_id`, `name`, `field`, `type`, `list_show`, `search_show`, `search_type`, `config`, `is_post`, `is_field`, `align`, `note`, `message`, `validate`, `rule`, `sortid`, `sql`, `tab_menu_name`, `default_value`, `datatype`, `length`, `indexdata`) VALUES (3565, 827, '排序', 'wservice_sort', 20, 1, 0, 0, '', 1, 0, 'center', '排序', '', '', '', 3565, '', '', '0', 'int', '11', '');

INSERT INTO `miniprogram`.`cd_field`(`id`, `menu_id`, `name`, `field`, `type`, `list_show`, `search_show`, `search_type`, `config`, `is_post`, `is_field`, `align`, `note`, `message`, `validate`, `rule`, `sortid`, `sql`, `tab_menu_name`, `default_value`, `datatype`, `length`, `indexdata`) VALUES (3566, 827, '状态', 'wservice_status', 23, 1, 0, 0, '开启|1,关闭|0', 1, 1, 'center', '开启后在小程序端显示', '', '', '', 3566, '', '', '1', 'tinyint', '4', '');

INSERT INTO `miniprogram`.`cd_field`(`id`, `menu_id`, `name`, `field`, `type`, `list_show`, `search_show`, `search_type`, `config`, `is_post`, `is_field`, `align`, `note`, `message`, `validate`, `rule`, `sortid`, `sql`, `tab_menu_name`, `default_value`, `datatype`, `length`, `indexdata`) VALUES (3567, 803, '开门按钮', 'openbtn', 23, 1, 0, 0, '开启|1,关闭|0', 1, 1, 'center', ' 小程序端开门按钮是否启用', '', '', '', 3540, '', '', '1', 'tinyint', '4', '');

UPDATE `miniprogram`.`cd_field` SET `menu_id` = 803, `name` = '扫码开门广告', `field` = 'qrshowminiad', `type` = 23, `list_show` = 0, `search_show` = 0, `search_type` = 0, `config` = '开启|0,关闭|1', `is_post` = 1, `is_field` = 1, `align` = 'center', `note` = '', `message` = '', `validate` = '', `rule` = '', `sortid` = 3543, `sql` = '', `tab_menu_name` = '', `default_value` = '1', `datatype` = 'tinyint', `length` = '4', `indexdata` = '' WHERE `id` = 3498;

UPDATE `miniprogram`.`cd_field` SET `menu_id` = 803, `name` = '开门成功外链', `field` = 'openadurl', `type` = 1, `list_show` = 0, `search_show` = 0, `search_type` = 0, `config` = '', `is_post` = 1, `is_field` = 1, `align` = 'center', `note` = '', `message` = '', `validate` = '', `rule` = '', `sortid` = 3567, `sql` = '', `tab_menu_name` = '', `default_value` = 'https://mp.weixin.qq.com/s/UtKqS8FN73aai2PJTeHRig', `datatype` = 'varchar', `length` = '250', `indexdata` = '' WHERE `id` = 3540;

INSERT INTO `miniprogram`.`cd_menu`(`menu_id`, `pid`, `controller_name`, `title`, `pk_id`, `table_name`, `is_create`, `status`, `sortid`, `table_status`, `is_url`, `url`, `menu_icon`, `tab_menu`, `app_id`, `is_submit`) VALUES (827, 0, 'Wservice', '服务管理', 'wservice_id', 'wservice', 1, 1, 827, 1, NULL, '', 'fa fa-share-alt', '', 1, 0);

INSERT INTO `miniprogram`.`cd_menu`(`menu_id`, `pid`, `controller_name`, `title`, `pk_id`, `table_name`, `is_create`, `status`, `sortid`, `table_status`, `is_url`, `url`, `menu_icon`, `tab_menu`, `app_id`, `is_submit`) VALUES (828, 0, 'Wservice', '服务管理', 'wservice_id', 'wservice', 1, 1, 827, 0, NULL, '', 'fa fa-share-alt', '', 179, 0);

UPDATE `miniprogram`.`cd_menu` SET `pid` = 12, `controller_name` = '', `title` = '菜单管理', `pk_id` = '', `table_name` = '', `is_create` = 0, `status` = 0, `sortid` = 3, `table_status` = 0, `is_url` = 1, `url` = '/admin/Menu/index?app_id=1', `menu_icon` = '', `tab_menu` = '', `app_id` = 1, `is_submit` = NULL WHERE `menu_id` = 21;

UPDATE `miniprogram`.`cd_menu` SET `pid` = 12, `controller_name` = 'Application', `title` = '应用管理', `pk_id` = '', `table_name` = '', `is_create` = 0, `status` = 0, `sortid` = 1, `table_status` = 0, `is_url` = 0, `url` = '', `menu_icon` = '', `tab_menu` = '', `app_id` = 1, `is_submit` = NULL WHERE `menu_id` = 80;

INSERT INTO `miniprogram`.`cd_wservice`(`wservice_id`, `wservice_type`, `wservice_name`, `wservice_appid`, `wservice_url`, `wservice_icon`, `wservice_sort`, `wservice_status`) VALUES (3, 3, '使用帮助', '', 'https://doc.wmj.com.cn/1/page/34', 'https://wxapp.wmj.com.cn/uploads/admin/202101/5ffc6c70cfe00.png', 1, 1);

SET FOREIGN_KEY_CHECKS = 1;